1747202464.20806022,0.103773,-0.156651,0.019795
1747202464.54832977,0.107706,-0.155415,0.022701
1747202464.88937423,0.111669,-0.155353,0.024836
1747202464.123750466,0.115524,-0.156271,0.026837
1747202464.158237326,0.117586,-0.158373,0.029092
1747202464.193990313,0.118428,-0.160514,0.030729
1747202464.228101413,0.119020,-0.162070,0.032177
1747202464.262640442,0.121134,-0.163322,0.033897
1747202464.297001141,0.123707,-0.164961,0.035452
1747202464.331735309,0.126261,-0.166648,0.036847
1747202464.366113721,0.128793,-0.168373,0.038082
1747202464.400163318,0.131306,-0.170134,0.039159
1747202464.433992084,0.133800,-0.171927,0.040078
1747202464.467679144,0.136279,-0.173748,0.040841
1747202464.502779096,0.138743,-0.175597,0.041447
1747202464.536852872,0.141194,-0.177471,0.041898
1747202464.572236004,0.143632,-0.179370,0.042193
1747202464.607404995,0.146059,-0.181292,0.042332
1747202464.640907323,0.148474,-0.183238,0.042316
1747202464.675982220,0.150878,-0.185210,0.042142
1747202464.709967050,0.153271,-0.187206,0.041812
1747202464.745244218,0.155651,-0.189230,0.041323
1747202464.779284012,0.158014,-0.191279,0.040676
1747202464.813097934,0.160658,-0.191769,0.040447
1747202464.847440967,0.163577,-0.190433,0.040560
1747202464.881303115,0.166502,-0.189125,0.040505
1747202464.915940722,0.169432,-0.187846,0.040278
1747202464.950040377,0.172366,-0.186598,0.039883
1747202464.984871251,0.175306,-0.185380,0.039316
1747202465.19140172,0.178250,-0.184196,0.038581
1747202465.54214864,0.181199,-0.183046,0.037675
1747202465.88530352,0.184154,-0.181935,0.036598
1747202465.123053144,0.187116,-0.180867,0.035350
1747202465.156949016,0.190075,-0.179834,0.033932
1747202465.190819473,0.193041,-0.178851,0.032345
1747202465.224786112,0.195684,-0.177646,0.030620
1747202465.260230899,0.197454,-0.176012,0.028820
1747202465.294740613,0.198173,-0.174186,0.026936
1747202465.329119892,0.197389,-0.173974,0.025435
1747202465.362907594,0.196697,-0.174065,0.024160
1747202465.396988947,0.196360,-0.174005,0.022954
1747202465.430986370,0.196203,-0.174055,0.021539
1747202465.464755725,0.196208,-0.174157,0.019988
1747202465.498975859,0.196381,-0.174348,0.018328
1747202465.532988889,0.196714,-0.174668,0.016592
1747202465.567644975,0.197415,-0.174640,0.014755
1747202465.602308354,0.201199,-0.170397,0.013261
1747202465.635879735,0.205362,-0.165933,0.012854
1747202465.669930696,0.209517,-0.161660,0.012862
1747202465.704505937,0.213752,-0.157487,0.013013
1747202465.739964558,0.218084,-0.153399,0.013320
1747202465.775329309,0.222512,-0.149396,0.013647
1747202465.808962528,0.227034,-0.145481,0.013957
1747202465.844536507,0.231647,-0.141657,0.014243
1747202465.880407075,0.236348,-0.137925,0.014504
1747202465.917090801,0.241137,-0.134288,0.014739
1747202465.951896244,0.246009,-0.130748,0.014948
1747202465.986667366,0.250963,-0.127307,0.015130
1747202466.21067988,0.255996,-0.123968,0.015284
1747202466.55896466,0.261104,-0.120732,0.015411
1747202466.90374706,0.266287,-0.117601,0.015509
1747202466.125544899,0.271527,-0.114584,0.016411
1747202466.160239709,0.276832,-0.111677,0.016641
1747202466.194089639,0.282008,-0.108994,0.017191
1747202466.228238098,0.287134,-0.106511,0.017818
1747202466.262790267,0.292209,-0.104117,0.018302
1747202466.297244312,0.292429,-0.103362,0.018799
1747202466.333405044,0.290946,-0.103089,0.019250
1747202466.368312228,0.289476,-0.102798,0.019657
1747202466.402405647,0.288017,-0.102488,0.020019
1747202466.436964061,0.286571,-0.102161,0.020336
1747202466.470988275,0.285134,-0.101819,0.020608
1747202466.504943028,0.283708,-0.101460,0.020835
1747202466.540977771,0.282290,-0.101087,0.021018
1747202466.575076430,0.280880,-0.100699,0.021156
1747202466.610208524,0.279478,-0.100296,0.021249
1747202466.645058261,0.278083,-0.099880,0.021298
1747202466.679785636,0.276694,-0.099449,0.021303
1747202466.713922197,0.275312,-0.099005,0.021264
1747202466.748371574,0.273934,-0.098546,0.021180
1747202466.783255693,0.272562,-0.098073,0.021051
1747202466.817576723,0.271195,-0.097585,0.020878
1747202466.851974424,0.271727,-0.097024,0.021478
1747202466.886587961,0.273664,-0.096451,0.022499
1747202466.921425151,0.275622,-0.095912,0.023426
1747202466.957368638,0.277600,-0.095404,0.024259
1747202466.992752936,0.279595,-0.094925,0.024999
1747202467.27369905,0.281606,-0.094474,0.025646
1747202467.61340458,0.283632,-0.094049,0.026200
1747202467.96524374,0.285670,-0.093651,0.026661
1747202467.131711384,0.287721,-0.093277,0.027030
1747202467.167131586,0.289782,-0.092927,0.027306
1747202467.201186298,0.291853,-0.092602,0.027489
1747202467.235827585,0.293932,-0.092300,0.027580
1747202467.270277658,0.296019,-0.092022,0.027577
1747202467.304838614,0.298112,-0.091769,0.027481
1747202467.340672015,0.300211,-0.091541,0.027290
1747202467.375294037,0.302314,-0.091338,0.027005
1747202467.409842931,0.302740,-0.090513,0.027408
1747202467.444417457,0.301808,-0.089235,0.028282
1747202467.478891355,0.300904,-0.087955,0.029094
1747202467.513263505,0.300025,-0.086672,0.029846
1747202467.548562677,0.299170,-0.085389,0.030543
1747202467.582657380,0.298338,-0.084107,0.031185
1747202467.617035933,0.297526,-0.082828,0.031774
1747202467.650889046,0.296734,-0.081552,0.032308
1747202467.684908483,0.295959,-0.080280,0.032791
1747202467.718869120,0.295201,-0.079012,0.033221
1747202467.753752811,0.294458,-0.077750,0.033601
1747202467.788766017,0.293729,-0.076494,0.033929
1747202467.824213280,0.293012,-0.075243,0.034208
1747202467.860161968,0.292307,-0.073998,0.034436
1747202467.892995322,0.291611,-0.072758,0.034616
1747202467.926843382,0.290925,-0.071524,0.034747
1747202467.961832981,0.290246,-0.070295,0.034829
1747202467.996246840,0.289575,-0.069071,0.034863
1747202468.30013269,0.288911,-0.067851,0.034849
1747202468.64181492,0.288252,-0.066635,0.034787
1747202468.97842677,0.287600,-0.065422,0.034678
1747202468.132137465,0.286952,-0.064212,0.034521
1747202468.166625998,0.286310,-0.063005,0.034316
1747202468.201733480,0.285672,-0.061799,0.034053
1747202468.236396378,0.285038,-0.060594,0.033758
1747202468.271623805,0.284409,-0.059388,0.033402
1747202468.306953062,0.283784,-0.058181,0.033006
1747202468.340994528,0.283164,-0.056970,0.032554
1747202468.374963618,0.282651,-0.055897,0.032165
1747202468.408990519,0.283770,-0.057337,0.032928
1747202468.443285483,0.284878,-0.058799,0.033630
1747202468.476933970,0.285977,-0.060278,0.034247
1747202468.511297827,0.287068,-0.061773,0.034798
1747202468.545103087,0.288152,-0.063282,0.035269
1747202468.578952290,0.289229,-0.064807,0.035671
1747202468.612735487,0.290299,-0.066346,0.035996
1747202468.647086177,0.291364,-0.067899,0.036250
1747202468.683185092,0.292423,-0.069466,0.036428
1747202468.717049325,0.293476,-0.071047,0.036533
1747202468.751176652,0.294523,-0.072643,0.036563
1747202468.784923500,0.295565,-0.074253,0.036519
1747202468.818909503,0.296600,-0.075878,0.036398
1747202468.852910254,0.297629,-0.077519,0.036201
1747202468.887182300,0.298649,-0.079174,0.035927
1747202468.921162180,0.299660,-0.080846,0.035574
1747202468.955292519,0.300661,-0.082533,0.035141
1747202468.988958394,0.301619,-0.084108,0.034716
1747202469.23095684,0.302071,-0.082746,0.035460
1747202469.57479158,0.302531,-0.081381,0.036148
1747202469.92021091,0.302997,-0.080037,0.036783
1747202469.125972245,0.303466,-0.078715,0.037364
1747202469.161006869,0.303937,-0.077414,0.037893
1747202469.196155937,0.304407,-0.076133,0.038371
1747202469.230003344,0.304876,-0.074871,0.038798
1747202469.264167402,0.305343,-0.073626,0.039176
1747202469.298466570,0.305805,-0.072398,0.039506
1747202469.331875730,0.306262,-0.071186,0.039787
1747202469.365915482,0.306712,-0.069989,0.040021
1747202469.400522442,0.307156,-0.068806,0.040209
1747202469.435279217,0.307593,-0.067636,0.040350
1747202469.469528555,0.308021,-0.066477,0.040445
1747202469.503157953,0.308441,-0.065330,0.040495
1747202469.537381591,0.308852,-0.064192,0.040500
1747202469.572262070,0.309254,-0.063063,0.040459
1747202469.607031323,0.309646,-0.061941,0.040373
1747202469.641583654,0.310030,-0.060825,0.040241
1747202469.676280143,0.310404,-0.059715,0.040064
1747202469.710100948,0.310770,-0.058608,0.039840
1747202469.744063201,0.311128,-0.057504,0.039565
1747202469.777936429,0.311479,-0.056402,0.039256
1747202469.811947549,0.311823,-0.055300,0.038891
1747202469.845883595,0.312163,-0.054197,0.038486
1747202469.880442715,0.312497,-0.053094,0.038029
1747202469.915530086,0.312829,-0.051989,0.037528
1747202469.949441989,0.312541,-0.052157,0.037587
1747202469.983280187,0.311544,-0.053852,0.038219
1747202470.16962026,0.310530,-0.055552,0.038754
1747202470.50977796,0.309498,-0.057256,0.039215
1747202470.86101934,0.308450,-0.058966,0.039585
1747202470.120115158,0.307386,-0.060682,0.039876
1747202470.154295080,0.306306,-0.062403,0.040078
1747202470.188262019,0.305210,-0.064129,0.040197
1747202470.221951255,0.304099,-0.065861,0.040229
1747202470.256196285,0.302972,-0.067598,0.040174
1747202470.290158656,0.301828,-0.069339,0.040030
1747202470.323781237,0.300667,-0.071082,0.039797
1747202470.358539110,0.299489,-0.072828,0.039473
1747202470.392948331,0.298293,-0.074574,0.039057
1747202470.427311714,0.297076,-0.076320,0.038546
1747202470.462211284,0.297049,-0.078996,0.039058
1747202470.496320540,0.300076,-0.080705,0.041499
1747202470.529915926,0.303073,-0.082447,0.043693
1747202470.563988514,0.306043,-0.084214,0.045618
1747202470.598758016,0.308992,-0.085995,0.047293
1747202470.632858565,0.311922,-0.087783,0.048704
1747202470.667519993,0.314837,-0.089571,0.049864
1747202470.702484502,0.317741,-0.091354,0.050767
1747202470.736622281,0.320636,-0.093129,0.051421
1747202470.770841255,0.323525,-0.094893,0.051825
1747202470.804753280,0.326411,-0.096645,0.051982
1747202470.838658928,0.329294,-0.098384,0.051891
1747202470.872958054,0.332176,-0.100112,0.051553
1747202470.907462704,0.335058,-0.101830,0.050968
1747202470.940942175,0.337941,-0.103541,0.050136
1747202470.975092952,0.340822,-0.105249,0.049055
1747202471.9390915,0.343702,-0.106959,0.047724
1747202471.44006392,0.346577,-0.108676,0.046141
1747202471.77857897,0.349444,-0.110407,0.044304
1747202471.111874872,0.352300,-0.112160,0.042212
1747202471.145853379,0.355045,-0.113709,0.040070
1747202471.180398096,0.356811,-0.112715,0.039470
1747202471.214013520,0.358569,-0.111738,0.038779
1747202471.248011471,0.360320,-0.110779,0.038000
1747202471.281829359,0.359438,-0.110636,0.038690
1747202471.316099141,0.358358,-0.110546,0.039403
1747202471.350108289,0.357283,-0.110460,0.040052
1747202471.384542198,0.356212,-0.110381,0.040658
1747202471.418992298,0.355144,-0.110310,0.041208
1747202471.454163358,0.354078,-0.110248,0.041713
1747202471.489028827,0.353012,-0.110196,0.042165
1747202471.522829813,0.351944,-0.110154,0.042573
1747202471.556964741,0.350875,-0.110124,0.042930
1747202471.590752539,0.349802,-0.110107,0.043243
1747202471.624907350,0.348724,-0.110101,0.043507
1747202471.659330599,0.347640,-0.110109,0.043727
1747202471.693384736,0.346548,-0.110129,0.043905
1747202471.727158547,0.345448,-0.110161,0.044033
1747202471.760963943,0.344338,-0.110207,0.044115
1747202471.795798583,0.343216,-0.110264,0.044151
1747202471.829956401,0.342083,-0.110334,0.044142
1747202471.863861878,0.340936,-0.110415,0.044087
1747202471.897933857,0.339774,-0.110507,0.043987
1747202471.932235676,0.338597,-0.110608,0.043839
1747202471.966595043,0.337404,-0.110719,0.043645
1747202472.1124705,0.336193,-0.110838,0.043403
1747202472.34994648,0.334965,-0.110964,0.043113
1747202472.69188311,0.333717,-0.111096,0.042775
1747202472.103182595,0.332450,-0.111232,0.042386
1747202472.137545135,0.331162,-0.111371,0.041947
1747202472.172138233,0.329854,-0.111512,0.041456
1747202472.206028012,0.328525,-0.111652,0.040913
1747202472.240340789,0.327175,-0.111789,0.040315
1747202472.274368332,0.325803,-0.111923,0.039662
1747202472.308833694,0.324409,-0.112050,0.038953
1747202472.343287647,0.322994,-0.112168,0.038186
1747202472.379855916,0.321558,-0.112275,0.037360
1747202472.414257429,0.320670,-0.113352,0.036763
1747202472.448106549,0.321862,-0.114585,0.037519
1747202472.482133674,0.323038,-0.115818,0.038200
1747202472.516797942,0.324199,-0.117050,0.038808
1747202472.550983102,0.325345,-0.118278,0.039344
1747202472.584843284,0.326478,-0.119502,0.039809
1747202472.620190021,0.327599,-0.120720,0.040206
1747202472.654008955,0.328708,-0.121930,0.040535
1747202472.688361049,0.329807,-0.123133,0.040798
1747202472.723406538,0.330896,-0.124327,0.040995
1747202472.756986031,0.331977,-0.125513,0.041128
1747202472.791134764,0.333050,-0.126690,0.041197
1747202472.825859113,0.334116,-0.127857,0.041203
1747202472.861505389,0.335176,-0.129015,0.041146
1747202472.897188202,0.336229,-0.130165,0.041028
1747202472.931733761,0.337278,-0.131305,0.040847
1747202472.965963169,0.338321,-0.132438,0.040605
1747202473.949667,0.339361,-0.133563,0.040302
1747202473.36090987,0.340395,-0.134681,0.039937
1747202473.70750572,0.341426,-0.135793,0.039510
1747202473.105356342,0.342452,-0.136899,0.039021
1747202473.140187406,0.343475,-0.138002,0.038470
1747202473.175724946,0.344492,-0.139101,0.037856
1747202473.213230959,0.345504,-0.140198,0.037179
1747202473.248237993,0.346510,-0.141295,0.036437
1747202473.283427579,0.347510,-0.142393,0.035631
1747202473.317547034,0.347823,-0.142583,0.035467
1747202473.352023934,0.347164,-0.141474,0.036202
1747202473.386103862,0.346507,-0.140363,0.036892
1747202473.421607663,0.345849,-0.139253,0.037515
1747202473.456141746,0.345189,-0.138143,0.038089
1747202473.490433819,0.344526,-0.137032,0.038602
1747202473.525165787,0.343858,-0.135921,0.039064
1747202473.559931253,0.343185,-0.134809,0.039468
1747202473.594483759,0.342505,-0.133696,0.039821
1747202473.631308879,0.341817,-0.132582,0.040117
1747202473.666257196,0.341121,-0.131465,0.040362
1747202473.700217497,0.340416,-0.130346,0.040551
1747202473.734530795,0.339702,-0.129223,0.040688
1747202473.768845036,0.338977,-0.128096,0.040771
1747202473.802851774,0.338243,-0.126965,0.040796
1747202473.837233137,0.337499,-0.125827,0.040781
1747202473.871846623,0.336744,-0.124682,0.040702
1747202473.905914547,0.335980,-0.123530,0.040569
1747202473.939877939,0.335205,-0.122369,0.040379
1747202473.973856217,0.334422,-0.121199,0.040134
1747202474.8528987,0.333629,-0.120019,0.039832
1747202474.44476465,0.332829,-0.118827,0.039472
1747202474.79466149,0.332021,-0.117623,0.039053
1747202474.114279940,0.331207,-0.116405,0.038575
1747202474.149409315,0.330389,-0.115174,0.038025
1747202474.183118332,0.329566,-0.113927,0.037433
1747202474.217741056,0.328742,-0.112665,0.036768
1747202474.252451950,0.327918,-0.111387,0.036037
1747202474.287138589,0.327096,-0.110091,0.035240
1747202474.320865730,0.326407,-0.110450,0.035415
1747202474.355370643,0.325793,-0.111875,0.036164
1747202474.389774148,0.325175,-0.113285,0.036845
1747202474.423815406,0.324555,-0.114680,0.037460
1747202474.457982640,0.323935,-0.116060,0.038010
1747202474.492677231,0.323317,-0.117427,0.038497
1747202474.526905556,0.322701,-0.118779,0.038921
1747202474.560899510,0.322090,-0.120120,0.039284
1747202474.595191447,0.321484,-0.121448,0.039587
1747202474.628930642,0.320884,-0.122764,0.039831
1747202474.663081084,0.320291,-0.124071,0.040016
1747202474.697000877,0.319706,-0.125367,0.040143
1747202474.730960727,0.319128,-0.126655,0.040213
1747202474.765480565,0.318559,-0.127934,0.040227
1747202474.800370908,0.317997,-0.129207,0.040184
1747202474.833981072,0.317444,-0.130473,0.040086
1747202474.868830762,0.316900,-0.131733,0.039931
1747202474.902969281,0.316362,-0.132988,0.039721
1747202474.937033329,0.315833,-0.134238,0.039455
1747202474.971264678,0.315310,-0.135485,0.039134
1747202475.6059805,0.314793,-0.136729,0.038756
1747202475.40890910,0.314282,-0.137970,0.038322
1747202475.74921819,0.313774,-0.139209,0.037831
1747202475.109320230,0.313271,-0.140445,0.037283
1747202475.143934547,0.312769,-0.141681,0.036677
1747202475.177797224,0.312267,-0.142914,0.036012
1747202475.212283643,0.311765,-0.144146,0.035288
1747202475.247273357,0.311367,-0.145165,0.034673
1747202475.281308354,0.312078,-0.143982,0.035462
1747202475.314907693,0.312792,-0.142799,0.036188
1747202475.348990414,0.313509,-0.141616,0.036853
1747202475.384018094,0.314228,-0.140430,0.037456
1747202475.417950554,0.314948,-0.139240,0.038000
1747202475.452630367,0.315668,-0.138046,0.038484
1747202475.488064754,0.316389,-0.136847,0.038908
1747202475.521954264,0.317110,-0.135641,0.039274
1747202475.556982326,0.317831,-0.134427,0.039580
1747202475.590922926,0.318551,-0.133205,0.039828
1747202475.626060680,0.319272,-0.131974,0.040017
1747202475.660429060,0.319993,-0.130732,0.040148
1747202475.695284599,0.320716,-0.129481,0.040220
1747202475.729203416,0.321439,-0.128218,0.040232
1747202475.762957197,0.322165,-0.126945,0.040185
1747202475.796963290,0.322893,-0.125660,0.040078
1747202475.831854889,0.323625,-0.124364,0.039911
1747202475.866049038,0.324362,-0.123056,0.039682
1747202475.900131355,0.325104,-0.121737,0.039391
1747202475.935276522,0.325853,-0.120408,0.039037
1747202475.968985463,0.326609,-0.119068,0.038618
1747202476.2928786,0.327375,-0.117718,0.038134
1747202476.36964290,0.328150,-0.116359,0.037584
1747202476.70970949,0.328938,-0.114993,0.036965
1747202476.104903955,0.329738,-0.113620,0.036277
1747202476.139185759,0.330427,-0.112331,0.035625
1747202476.174329762,0.329025,-0.112469,0.036443
1747202476.208099992,0.327640,-0.112595,0.037198
1747202476.242906385,0.326271,-0.112714,0.037891
1747202476.277945361,0.324919,-0.112826,0.038523
1747202476.311783415,0.323584,-0.112934,0.039097
1747202476.345898432,0.322266,-0.113039,0.039612
1747202476.380483318,0.320965,-0.113143,0.040071
1747202476.414148472,0.319682,-0.113247,0.040474
1747202476.448377350,0.318415,-0.113354,0.040822
1747202476.481908398,0.317165,-0.113464,0.041117
1747202476.516012480,0.315932,-0.113579,0.041359
1747202476.549989292,0.314714,-0.113699,0.041549
1747202476.584619602,0.313512,-0.113826,0.041687
1747202476.619409664,0.312324,-0.113960,0.041774
1747202476.653167120,0.311150,-0.114103,0.041811
1747202476.687300586,0.309989,-0.114255,0.041797
1747202476.720908293,0.308841,-0.114416,0.041733
1747202476.754921332,0.307703,-0.114587,0.041619
1747202476.788954099,0.306576,-0.114769,0.041455
1747202476.822932139,0.305458,-0.114961,0.041241
1747202476.856873054,0.304349,-0.115163,0.040976
1747202476.891469685,0.303246,-0.115376,0.040661
1747202476.926315140,0.302150,-0.115599,0.040296
1747202476.962786851,0.301058,-0.115832,0.039878
1747202476.997590435,0.299971,-0.116074,0.039409
1747202477.31934093,0.298886,-0.116324,0.038887
1747202477.66097022,0.297802,-0.116582,0.038312
1747202477.100431469,0.296719,-0.116847,0.037683
1747202477.134284171,0.295634,-0.117118,0.036999
1747202477.168144244,0.296150,-0.117326,0.037227
1747202477.201928390,0.297710,-0.117498,0.037990
1747202477.235936048,0.299278,-0.117672,0.038681
1747202477.269846556,0.300855,-0.117849,0.039301
1747202477.303886513,0.302440,-0.118025,0.039851
1747202477.338574396,0.304034,-0.118202,0.040330
1747202477.373054823,0.305639,-0.118377,0.040740
1747202477.407170361,0.307255,-0.118551,0.041079
1747202477.440966933,0.308881,-0.118722,0.041348
1747202477.474696971,0.310518,-0.118892,0.041547
1747202477.509363202,0.312167,-0.119059,0.041675
1747202477.542872077,0.313828,-0.119224,0.041732
1747202477.578107910,0.315501,-0.119388,0.041717
1747202477.612263903,0.317187,-0.119550,0.041629
1747202477.646046108,0.318887,-0.119712,0.041469
1747202477.680228376,0.320598,-0.119875,0.041233
1747202477.714069476,0.322322,-0.120038,0.040922
1747202477.747948820,0.324058,-0.120204,0.040534
1747202477.781951976,0.325806,-0.120374,0.040068
1747202477.816006854,0.327565,-0.120550,0.039521
1747202477.850619614,0.329334,-0.120732,0.038893
1747202477.885066316,0.331113,-0.120923,0.038182
1747202477.919173407,0.331340,-0.120496,0.038468
1747202477.953389266,0.330720,-0.119742,0.039229
1747202477.988340481,0.330121,-0.119009,0.039935
1747202478.22169305,0.329542,-0.118299,0.040588
1747202478.56053915,0.328981,-0.117614,0.041187
1747202478.90170695,0.328683,-0.116490,0.042071
1747202478.124237304,0.329347,-0.113592,0.043996
1747202478.158323138,0.330014,-0.110707,0.045659
1747202478.192221179,0.330676,-0.107835,0.047063
1747202478.226410703,0.331326,-0.104973,0.048213
1747202478.260977509,0.331958,-0.102121,0.049110
1747202478.294959688,0.332568,-0.099277,0.049756
1747202478.328930979,0.333153,-0.096439,0.050152
1747202478.364203792,0.333711,-0.093604,0.050301
1747202478.398268719,0.334241,-0.090772,0.050201
1747202478.432292102,0.334743,-0.087940,0.049853
1747202478.465856207,0.335220,-0.085107,0.049259
1747202478.499934839,0.335675,-0.082271,0.048416
1747202478.533757523,0.336112,-0.079431,0.047326
1747202478.567901441,0.336535,-0.076588,0.045985
1747202478.602678134,0.336952,-0.073742,0.044392
1747202478.637672673,0.336636,-0.071650,0.043214
1747202478.672415871,0.335277,-0.070649,0.042786
1747202478.706012665,0.333926,-0.069658,0.042296
1747202478.739966558,0.332582,-0.068678,0.041721
1747202478.773926873,0.331245,-0.067706,0.041079
1747202478.807864805,0.329917,-0.066743,0.040356
1747202478.842933883,0.328597,-0.065786,0.039560
1747202478.877076502,0.327286,-0.064834,0.038685
1747202478.911155850,0.326209,-0.064181,0.038042
1747202478.945409669,0.326439,-0.065254,0.038932
1747202478.979118225,0.326671,-0.066320,0.039761
1747202479.12959854,0.326909,-0.067382,0.040532
1747202479.46980951,0.327154,-0.068439,0.041245
1747202479.80909500,0.327408,-0.069492,0.041901
1747202479.115175080,0.327674,-0.070540,0.042502
1747202479.149966650,0.327951,-0.071585,0.043049
1747202479.184085311,0.328242,-0.072627,0.043542
1747202479.218809195,0.328547,-0.073667,0.043982
1747202479.252917873,0.328868,-0.074705,0.044371
1747202479.287777194,0.329206,-0.075743,0.044707
1747202479.323277751,0.329561,-0.076781,0.044993
1747202479.357083438,0.329935,-0.077821,0.045228
1747202479.391095936,0.330328,-0.078864,0.045412
1747202479.425214429,0.330739,-0.079910,0.045546
1747202479.458841670,0.331171,-0.080961,0.045629
1747202479.492899126,0.331621,-0.082018,0.045661
1747202479.526889101,0.332091,-0.083081,0.045642
1747202479.560758895,0.332581,-0.084152,0.045572
1747202479.595357465,0.333090,-0.085232,0.045449
1747202479.628961317,0.333618,-0.086322,0.045274
1747202479.663116927,0.334163,-0.087422,0.045046
1747202479.696925538,0.334727,-0.088533,0.044763
1747202479.730920939,0.335306,-0.089657,0.044426
1747202479.764863159,0.335902,-0.090795,0.044032
1747202479.798909945,0.336511,-0.091947,0.043581
1747202479.832966779,0.337134,-0.093114,0.043072
1747202479.867645091,0.337769,-0.094298,0.042502
1747202479.902227887,0.338413,-0.095499,0.041872
1747202479.936234664,0.339066,-0.096718,0.041178
1747202479.970613234,0.339724,-0.097955,0.040420
1747202480.4120140,0.340387,-0.099211,0.039595
1747202480.38005592,0.341052,-0.100485,0.038701
1747202480.72143383,0.341716,-0.101779,0.037737
1747202480.107372764,0.342303,-0.100651,0.038680
1747202480.141061105,0.342889,-0.099472,0.039583
1747202480.175188006,0.343473,-0.098315,0.040422
1747202480.208955806,0.344051,-0.097180,0.041200
1747202480.243012881,0.344623,-0.096067,0.041917
1747202480.277732907,0.345185,-0.094974,0.042575
1747202480.311986934,0.345735,-0.093902,0.043176
1747202480.346124521,0.346273,-0.092849,0.043721
1747202480.381085909,0.346796,-0.091815,0.044211
1747202480.415484931,0.347302,-0.090798,0.044648
1747202480.448975631,0.347792,-0.089797,0.045032
1747202480.483728365,0.348263,-0.088811,0.045366
1747202480.518000749,0.348715,-0.087840,0.045650
1747202480.551892455,0.349147,-0.086883,0.045885
1747202480.587329840,0.349557,-0.085938,0.046071
1747202480.622093267,0.349946,-0.085005,0.046209
1747202480.656263628,0.350313,-0.084083,0.046300
1747202480.689992965,0.350657,-0.083169,0.046344
1747202480.723942310,0.350978,-0.082264,0.046341
1747202480.757975643,0.351276,-0.081365,0.046291
1747202480.791987803,0.351551,-0.080471,0.046195
1747202480.825963846,0.351803,-0.079581,0.046051
1747202480.860657880,0.352033,-0.078694,0.045853
1747202480.894655297,0.352240,-0.077808,0.045622
1747202480.928928981,0.352426,-0.076923,0.045333
1747202480.962828069,0.352592,-0.076038,0.045004
1747202480.996960281,0.352737,-0.075150,0.044621
1747202481.30941426,0.352863,-0.074260,0.044194
1747202481.66201326,0.352970,-0.073367,0.043713
1747202481.100531205,0.353061,-0.072469,0.043184
1747202481.134328826,0.353998,-0.072055,0.043071
1747202481.168580362,0.356192,-0.072318,0.043444
1747202481.202369970,0.358379,-0.072550,0.043592
1747202481.236314103,0.360563,-0.072749,0.043515
1747202481.271037712,0.362749,-0.072917,0.043214
1747202481.305026368,0.364940,-0.073054,0.042688
1747202481.339112367,0.366974,-0.073397,0.042204
1747202481.373156849,0.367772,-0.075461,0.043095
1747202481.407147852,0.368592,-0.077508,0.043756
1747202481.441464305,0.369440,-0.079541,0.044191
1747202481.476424362,0.370318,-0.081562,0.044399
1747202481.511952317,0.371229,-0.083574,0.044381
1747202481.546061902,0.372174,-0.085582,0.044137
1747202481.580286626,0.373154,-0.087590,0.043665
1747202481.614003266,0.373074,-0.088593,0.043724
1747202481.648443485,0.372311,-0.088977,0.044164
1747202481.682860997,0.371557,-0.089379,0.044553
1747202481.717779945,0.370814,-0.089801,0.044892
1747202481.752231403,0.370079,-0.090244,0.045182
1747202481.786455252,0.369353,-0.090708,0.045423
1747202481.820255548,0.368634,-0.091195,0.045616
1747202481.854343163,0.367921,-0.091706,0.045760
1747202481.888316617,0.367213,-0.092240,0.045857
1747202481.922107442,0.366510,-0.092800,0.045905
1747202481.956024926,0.365809,-0.093385,0.045906
1747202481.989951278,0.365110,-0.093995,0.045858
1747202482.24020086,0.364411,-0.094631,0.045762
1747202482.57984005,0.363713,-0.095293,0.045617
1747202482.92904139,0.363013,-0.095980,0.045423
1747202482.127818876,0.362309,-0.096693,0.045180
1747202482.161847272,0.361601,-0.097431,0.044886
1747202482.196274050,0.360888,-0.098194,0.044540
1747202482.229915331,0.360167,-0.098981,0.044143
1747202482.263981923,0.359438,-0.099792,0.043691
1747202482.297907436,0.358699,-0.100625,0.043186
1747202482.332072342,0.357950,-0.101480,0.042624
1747202482.366443109,0.357188,-0.102354,0.042005
1747202482.400021058,0.356413,-0.103248,0.041328
1747202482.434248918,0.355623,-0.104159,0.040592
1747202482.468114247,0.354816,-0.105085,0.039793
1747202482.501947518,0.353991,-0.106024,0.038931
1747202482.535840325,0.353149,-0.106975,0.038004
1747202482.569950925,0.353882,-0.107341,0.038379
1747202482.604283178,0.355264,-0.107465,0.039250
1747202482.638580773,0.356627,-0.107592,0.040042
1747202482.672660941,0.357972,-0.107721,0.040770
1747202482.706997552,0.359299,-0.107849,0.041446
1747202482.741011200,0.360606,-0.107975,0.042050
1747202482.774981711,0.361894,-0.108096,0.042593
1747202482.808963798,0.363163,-0.108211,0.043076
1747202482.843922513,0.364413,-0.108318,0.043501
1747202482.878041913,0.365644,-0.108415,0.043868
1747202482.913192410,0.366857,-0.108502,0.044179
1747202482.946993508,0.368053,-0.108577,0.044436
1747202482.981036636,0.369231,-0.108639,0.044638
1747202483.15027207,0.370393,-0.108687,0.044787
1747202483.48929032,0.371539,-0.108721,0.044884
1747202483.83472156,0.372670,-0.108739,0.044928
1747202483.119160646,0.373788,-0.108741,0.044921
1747202483.153744905,0.374892,-0.108726,0.044862
1747202483.187960111,0.375985,-0.108695,0.044753
1747202483.221969222,0.377066,-0.108646,0.044592
1747202483.256871661,0.378137,-0.108581,0.044381
1747202483.292399593,0.379199,-0.108498,0.044118
1747202483.326275347,0.380253,-0.108399,0.043803
1747202483.360082692,0.381301,-0.108283,0.043437
1747202483.393973640,0.382343,-0.108151,0.043018
1747202483.427941822,0.383381,-0.108004,0.042547
1747202483.461890408,0.384415,-0.107843,0.042022
1747202483.496055687,0.385447,-0.107667,0.041442
1747202483.529892654,0.386477,-0.107479,0.040807
1747202483.564194939,0.387508,-0.107280,0.040116
1747202483.597888087,0.388540,-0.107071,0.039368
1747202483.632253503,0.389575,-0.106854,0.038561
1747202483.666540230,0.390271,-0.106561,0.037961
1747202483.700880600,0.388975,-0.105864,0.038829
1747202483.734946713,0.387670,-0.105164,0.039623
1747202483.769005547,0.386355,-0.104465,0.040343
1747202483.803709902,0.385029,-0.103766,0.040990
1747202483.839071373,0.383690,-0.103070,0.041565
1747202483.872906869,0.382338,-0.102376,0.042068
1747202483.906905667,0.380972,-0.101685,0.042498
1747202483.940809898,0.379592,-0.100999,0.042858
1747202483.974760917,0.378197,-0.100316,0.043145
1747202484.8899795,0.376786,-0.099637,0.043361
1747202484.43204203,0.375359,-0.098962,0.043505
1747202484.77262235,0.373342,-0.099668,0.044473
1747202484.111155988,0.371016,-0.101171,0.045697
1747202484.144976161,0.368698,-0.102692,0.046663
1747202484.178956200,0.366390,-0.104236,0.047368
1747202484.213236935,0.364093,-0.105805,0.047816
1747202484.247096912,0.361808,-0.107401,0.048005
1747202484.281096300,0.359535,-0.109026,0.047938
1747202484.316140705,0.357271,-0.110680,0.047611
1747202484.350255817,0.355017,-0.112360,0.047024
1747202484.384198648,0.352770,-0.114066,0.046176
1747202484.418594182,0.350529,-0.115792,0.045065
1747202484.453460125,0.348290,-0.117536,0.043688
1747202484.487994107,0.346051,-0.119289,0.042043
1747202484.521775488,0.343806,-0.121046,0.040127
1747202484.556531179,0.341800,-0.122472,0.038228
1747202484.590236057,0.342223,-0.123347,0.038539
1747202484.624106163,0.343174,-0.124626,0.039244
1747202484.657968258,0.344118,-0.125895,0.039858
1747202484.691983491,0.345055,-0.127153,0.040403
1747202484.726001634,0.345987,-0.128399,0.040865
1747202484.759916908,0.346914,-0.129631,0.041258
1747202484.794692224,0.347837,-0.130848,0.041573
1747202484.829597584,0.348758,-0.132050,0.041820
1747202484.864199748,0.349676,-0.133235,0.041994
1747202484.899095193,0.350592,-0.134404,0.042101
1747202484.932910277,0.351508,-0.135556,0.042137
1747202484.966933106,0.352425,-0.136691,0.042106
1747202485.964919,0.353342,-0.137810,0.042006
1747202485.35232585,0.354260,-0.138913,0.041841
1747202485.69138861,0.355180,-0.140000,0.041609
1747202485.104064868,0.356101,-0.141071,0.041311
1747202485.137923013,0.357024,-0.142128,0.040946
1747202485.171947345,0.357950,-0.143170,0.040514
1747202485.206049476,0.358877,-0.144200,0.040016
1747202485.239868154,0.359805,-0.145218,0.039451
1747202485.274000962,0.360735,-0.146225,0.038818
1747202485.309119456,0.361665,-0.147223,0.038118
1747202485.343280472,0.362594,-0.148212,0.037348
1747202485.378481406,0.362422,-0.147362,0.037986
1747202485.411939061,0.362171,-0.146400,0.038635
1747202485.446068647,0.361908,-0.145444,0.039216
1747202485.479920044,0.361631,-0.144491,0.039747
1747202485.514476788,0.361339,-0.143541,0.040217
1747202485.549249943,0.361031,-0.142595,0.040635
1747202485.583383532,0.360706,-0.141652,0.040995
1747202485.617181366,0.360363,-0.140710,0.041304
1747202485.650897780,0.360002,-0.139769,0.041557
1747202485.684996421,0.359620,-0.138828,0.041758
1747202485.719025915,0.359219,-0.137886,0.041904
1747202485.753020893,0.358797,-0.136942,0.042002
1747202485.787188046,0.358355,-0.135996,0.042041
1747202485.821027456,0.357893,-0.135046,0.042026
1747202485.855216277,0.357409,-0.134093,0.041958
1747202485.889450817,0.356906,-0.133133,0.041835
1747202485.923876666,0.356382,-0.132167,0.041657
1747202485.958868196,0.355838,-0.131194,0.041424
1747202485.992950447,0.355275,-0.130212,0.041134
1747202486.27662025,0.354694,-0.129221,0.040787
1747202486.63721642,0.354095,-0.128221,0.040382
1747202486.98304859,0.353480,-0.127209,0.039917
1747202486.131793936,0.352850,-0.126186,0.039391
1747202486.165931199,0.352206,-0.125150,0.038805
1747202486.199964356,0.351550,-0.124100,0.038154
1747202486.235548272,0.350884,-0.123036,0.037439
1747202486.270205828,0.350310,-0.122870,0.037300
1747202486.304200575,0.349885,-0.124031,0.038026
1747202486.338830691,0.349466,-0.125175,0.038682
1747202486.372784874,0.349057,-0.126302,0.039276
1747202486.406981593,0.348658,-0.127415,0.039809
1747202486.441017684,0.348271,-0.128512,0.040282
1747202486.476358498,0.347898,-0.129595,0.040696
1747202486.511130323,0.347539,-0.130663,0.041054
1747202486.545075970,0.347196,-0.131718,0.041356
1747202486.579028445,0.346871,-0.132760,0.041601
1747202486.612962592,0.346563,-0.133791,0.041793
1747202486.646834545,0.346274,-0.134811,0.041930
1747202486.682111446,0.346003,-0.135822,0.042013
1747202486.716376319,0.345752,-0.136823,0.042044
1747202486.750071944,0.345520,-0.137817,0.042023
1747202486.784292654,0.345308,-0.138803,0.041948
1747202486.818103992,0.345116,-0.139782,0.041813
1747202486.851988983,0.344944,-0.140757,0.041640
1747202486.885949296,0.344790,-0.141728,0.041403
1747202486.920977866,0.344656,-0.142696,0.041123
1747202486.955581525,0.344540,-0.143662,0.040782
1747202486.989100816,0.344441,-0.144626,0.040394
1747202487.23611839,0.344360,-0.145589,0.039947
1747202487.56809436,0.344294,-0.146553,0.039448
1747202487.91070191,0.344243,-0.147519,0.038891
1747202487.125231495,0.344205,-0.148487,0.038280
1747202487.159099819,0.344179,-0.149459,0.037610
1747202487.193207884,0.344614,-0.149063,0.037864
1747202487.227045594,0.345294,-0.147912,0.038553
1747202487.261309222,0.345971,-0.146751,0.039185
1747202487.296315733,0.346643,-0.145578,0.039739
1747202487.331003565,0.347310,-0.144392,0.040232
1747202487.364923200,0.347971,-0.143193,0.040651
1747202487.399105545,0.348626,-0.141980,0.041006
1747202487.432840911,0.349274,-0.140751,0.041291
1747202487.467544699,0.349915,-0.139508,0.041509
1747202487.502013359,0.350551,-0.138248,0.041659
1747202487.535997101,0.351180,-0.136972,0.041741
1747202487.570849660,0.351804,-0.135679,0.041754
1747202487.604910503,0.352423,-0.134369,0.041698
1747202487.638895892,0.353037,-0.133042,0.041570
1747202487.672968154,0.353647,-0.131698,0.041372
1747202487.707275989,0.354253,-0.130338,0.041102
1747202487.740877212,0.354858,-0.128962,0.040758
1747202487.775557732,0.355462,-0.127570,0.040340
1747202487.811108538,0.356066,-0.126164,0.039845
1747202487.844890291,0.356671,-0.124744,0.039272
1747202487.879000576,0.357279,-0.123311,0.038620
1747202487.912949942,0.357730,-0.122072,0.038105
1747202487.948443453,0.356007,-0.121551,0.039655
1747202487.982115724,0.353606,-0.120466,0.041556
1747202488.16681499,0.351209,-0.119390,0.043177
1747202488.50833927,0.348815,-0.118330,0.044541
1747202488.84958777,0.346421,-0.117293,0.045636
1747202488.118971893,0.344027,-0.116283,0.046477
1747202488.154413231,0.341632,-0.115305,0.047055
1747202488.190684652,0.339233,-0.114361,0.047380
1747202488.224940630,0.336828,-0.113453,0.047446
1747202488.259279928,0.334417,-0.112581,0.047259
1747202488.294074178,0.331999,-0.111744,0.046815
1747202488.327818455,0.329575,-0.110939,0.046117
1747202488.361907913,0.327144,-0.110165,0.045162
1747202488.396110728,0.324707,-0.109416,0.043949
1747202488.430057619,0.322582,-0.109084,0.042816
1747202488.464358263,0.321496,-0.110051,0.042642
1747202488.497834350,0.320428,-0.111020,0.042400
1747202488.532935900,0.319377,-0.111991,0.042087
1747202488.567387386,0.318344,-0.112965,0.041704
1747202488.601866127,0.317328,-0.113941,0.041251
1747202488.636261053,0.316327,-0.114919,0.040728
1747202488.670310491,0.315341,-0.115900,0.040133
1747202488.704176776,0.314368,-0.116881,0.039468
1747202488.738963012,0.313407,-0.117864,0.038730
1747202488.773682412,0.312457,-0.118846,0.037921
1747202488.807881089,0.313213,-0.118876,0.038591
1747202488.841725086,0.314129,-0.118804,0.039310
1747202488.876158341,0.315040,-0.118717,0.039971
1747202488.910649395,0.315946,-0.118616,0.040574
1747202488.945006174,0.316848,-0.118497,0.041120
1747202488.978982053,0.317747,-0.118359,0.041609
1747202489.12941906,0.318643,-0.118202,0.042043
1747202489.46907509,0.319538,-0.118024,0.042422
1747202489.80917798,0.320431,-0.117825,0.042747
1747202489.114845676,0.321325,-0.117604,0.043018
1747202489.150230207,0.322219,-0.117359,0.043236
1747202489.184136300,0.323115,-0.117091,0.043401
1747202489.217826180,0.324014,-0.116800,0.043514
1747202489.251914716,0.324916,-0.116484,0.043573
1747202489.285993077,0.325823,-0.116144,0.043578
1747202489.319984860,0.326736,-0.115780,0.043531
1747202489.353913365,0.327655,-0.115393,0.043430
1747202489.388222381,0.328581,-0.114982,0.043275
1747202489.421967282,0.329516,-0.114548,0.043065
1747202489.456047243,0.330460,-0.114092,0.042799
1747202489.490226671,0.331415,-0.113614,0.042477
1747202489.523941858,0.332380,-0.113115,0.042098
1747202489.557891378,0.333357,-0.112597,0.041659
1747202489.592024465,0.334347,-0.112060,0.041162
1747202489.625857670,0.335349,-0.111506,0.040603
1747202489.660594482,0.336367,-0.110936,0.039982
1747202489.694095587,0.337398,-0.110353,0.039297
1747202489.728438204,0.338445,-0.109758,0.038546
1747202489.762890911,0.339508,-0.109152,0.037729
1747202489.796955754,0.338602,-0.108680,0.038460
1747202489.830951111,0.337583,-0.108225,0.039226
1747202489.865183473,0.336583,-0.107780,0.039929
1747202489.900733115,0.335601,-0.107348,0.040570
1747202489.934389513,0.334637,-0.106931,0.041152
1747202489.967826017,0.333691,-0.106530,0.041677
1747202490.1698286,0.332761,-0.106146,0.042144
1747202490.35958266,0.331847,-0.105782,0.042555
1747202490.70001657,0.330949,-0.105437,0.042912
1747202490.104007333,0.330066,-0.105115,0.043215
1747202490.138039224,0.329196,-0.104814,0.043465
1747202490.172071180,0.328338,-0.104537,0.043663
1747202490.206137498,0.327492,-0.104284,0.043809
1747202490.240384744,0.326657,-0.104055,0.043904
1747202490.275351201,0.325833,-0.103851,0.043948
1747202490.309969204,0.325017,-0.103672,0.043942
1747202490.343915496,0.324208,-0.103518,0.043885
1747202490.378132962,0.323406,-0.103390,0.043778
1747202490.412649596,0.322609,-0.103287,0.043620
1747202490.447166737,0.321817,-0.103209,0.043412
1747202490.480858568,0.321028,-0.103156,0.043154
1747202490.514980627,0.320242,-0.103127,0.042843
1747202490.548870713,0.319457,-0.103122,0.042481
1747202490.582963937,0.318672,-0.103140,0.042065
1747202490.617906858,0.317885,-0.103180,0.041597
1747202490.652161860,0.317096,-0.103240,0.041075
1747202490.686433520,0.316304,-0.103320,0.040498
1747202490.720007912,0.315508,-0.103418,0.039864
1747202490.754212711,0.314707,-0.103533,0.039173
1747202490.788101519,0.313900,-0.103662,0.038424
1747202490.821826982,0.314055,-0.103869,0.038562
1747202490.855798696,0.315936,-0.102891,0.040463
1747202490.889852280,0.317801,-0.101907,0.042114
1747202490.924446356,0.319647,-0.100910,0.043520
1747202490.958960506,0.321470,-0.099892,0.044682
1747202490.993426552,0.323272,-0.098847,0.045601
1747202491.27044802,0.325051,-0.097772,0.046280
1747202491.60956926,0.326808,-0.096660,0.046719
1747202491.94951623,0.328544,-0.095510,0.046919
1747202491.128992658,0.330260,-0.094320,0.046880
1747202491.163725368,0.331958,-0.093088,0.046602
1747202491.198270909,0.333641,-0.091816,0.046083
1747202491.231979883,0.335313,-0.090503,0.045324
1747202491.266960464,0.336977,-0.089151,0.044322
1747202491.302186186,0.338638,-0.087765,0.043075
1747202491.336085983,0.339356,-0.087742,0.042751
1747202491.370282104,0.339898,-0.088004,0.042598
1747202491.404342936,0.340469,-0.088253,0.042392
1747202491.438203366,0.341070,-0.088492,0.042135
1747202491.472321573,0.341700,-0.088721,0.041825
1747202491.506908323,0.342360,-0.088942,0.041461
1747202491.540991012,0.343050,-0.089156,0.041043
1747202491.575025677,0.343769,-0.089366,0.040571
1747202491.611187810,0.344518,-0.089572,0.040042
1747202491.645190770,0.345296,-0.089776,0.039457
1747202491.679055095,0.346101,-0.089980,0.038814
1747202491.713043383,0.346934,-0.090186,0.038111
1747202491.746971404,0.346933,-0.089564,0.038209
1747202491.780922667,0.346336,-0.088374,0.038832
1747202491.814966518,0.345741,-0.087199,0.039371
1747202491.848888370,0.345145,-0.086041,0.039850
1747202491.883797623,0.344548,-0.084902,0.040253
1747202491.918581105,0.343948,-0.083781,0.040594
1747202491.953334316,0.343345,-0.082679,0.040866
1747202491.987914570,0.342737,-0.081597,0.041075
1747202492.21790910,0.342124,-0.080534,0.041218
1747202492.56042129,0.341504,-0.079491,0.041300
1747202492.89944120,0.340877,-0.078467,0.041318
1747202492.124363148,0.340243,-0.077463,0.041275
1747202492.159625617,0.339600,-0.076478,0.041170
1747202492.194006317,0.338949,-0.075511,0.041004
1747202492.227939851,0.338288,-0.074562,0.040776
1747202492.261915952,0.337618,-0.073629,0.040488
1747202492.297962479,0.336939,-0.072713,0.040138
1747202492.332254113,0.336251,-0.071812,0.039726
1747202492.368625874,0.335553,-0.070926,0.039252
1747202492.401770385,0.334847,-0.070053,0.038716
1747202492.435843762,0.334132,-0.069193,0.038117
1747202492.469957476,0.333409,-0.068342,0.037453
1747202492.503955851,0.333251,-0.068596,0.037619
1747202492.538005881,0.333456,-0.069528,0.038231
1747202492.572539179,0.333677,-0.070456,0.038782
1747202492.607255070,0.333915,-0.071381,0.039275
1747202492.640924903,0.334171,-0.072303,0.039709
1747202492.674889443,0.334446,-0.073224,0.040084
1747202492.708894480,0.334742,-0.074143,0.040402
1747202492.742874474,0.335059,-0.075062,0.040663
1747202492.776873666,0.335397,-0.075981,0.040867
1747202492.811772903,0.335758,-0.076901,0.041014
1747202492.845995938,0.336141,-0.077821,0.041104
1747202492.880090720,0.336546,-0.078744,0.041137
1747202492.913727141,0.336974,-0.079670,0.041113
1747202492.947896813,0.337425,-0.080600,0.041031
1747202492.981784407,0.337898,-0.081535,0.040882
1747202493.15937837,0.338394,-0.082475,0.040693
1747202493.50484687,0.338910,-0.083422,0.040435
1747202493.85348481,0.339448,-0.084375,0.040116
1747202493.120926420,0.340005,-0.085335,0.039736
1747202493.154787280,0.340582,-0.086305,0.039287
1747202493.189658209,0.341176,-0.087284,0.038787
1747202493.223776891,0.341786,-0.088273,0.038213
1747202493.257795085,0.342412,-0.089272,0.037579
1747202493.292554811,0.342873,-0.089124,0.037723
1747202493.326525196,0.343203,-0.088181,0.038376
1747202493.360790413,0.343519,-0.087257,0.038969
1747202493.394805174,0.343820,-0.086351,0.039502
1747202493.428808536,0.344105,-0.085461,0.039977
1747202493.463699908,0.344371,-0.084588,0.040396
1747202493.498077484,0.344619,-0.083731,0.040758
1747202493.533057224,0.344845,-0.082890,0.041066
1747202493.567599394,0.345051,-0.082063,0.041319
1747202493.603205335,0.345233,-0.081250,0.041518
1747202493.639771764,0.345393,-0.080450,0.041665
1747202493.673924480,0.345529,-0.079662,0.041758
1747202493.708241923,0.345641,-0.078885,0.041799
1747202493.742127121,0.345728,-0.078118,0.041789
1747202493.776163300,0.345791,-0.077360,0.041726
1747202493.809886105,0.345828,-0.076611,0.041611
1747202493.843928860,0.345841,-0.075868,0.041435
1747202493.877887370,0.345829,-0.075132,0.041222
1747202493.912902748,0.345793,-0.074400,0.040944
1747202493.948354503,0.345733,-0.073672,0.040623
1747202493.983921695,0.345650,-0.072947,0.040240
